Tool,Keyword
Action One,action1
Addigy,addigy
Aeroadmin,aeroadmin
Alpemix,alpemix
Ammyy,ammyy
AnyDesk,anydesk
AnyPlace,anyplace
AnyViewer,anyviewer
Aomei,aomei
Apemix,apemix
Atera,atera
Auvik,auvik
Auvik,auvikservice
Aweray,aweray
Awesun,awesun
Barracuda,barracudamsp
BeanyWhere,beanywhere.com
Bomgar,beyondtrust
Bomgar,bomgar-rdp
Bomgar,bomgarcloud
Bomgar,license.bomgar
CentraStage,centrastage
Chrome Remote Desktop,chrome-remote-desktop
Chrome Remote Desktop,chromeremotedesktop
Chrome Remote Desktop,remotedesktop-pa.googleapis
Chrome Remote Desktop,remotedesktop.google.com
Comodo,comodo
Comodo,comodoremotecontrol
ConnectWise,connectwise
ConnectWise,myconnectwise
DameWare,dameware
DameWare,damewareagent
DameWare,swi-rc.com
DameWare,swi-tc.com
Datto,datto
DesktopNow,desktopnow
Distant Desktop,distantdesktop
Distant Desktop,signalserver.xyz
DW Service,dwservice
EnterSRL,entersrl.it
FamaTech,activate.famatech.com
Fleet Deck,fleetdeck
Foris,foris.cloudberrylab.com
Get Go,getgo.com
Get Screen,getscreen
GoTo,goto-rtc.com
GoTo,goto.com
GoTo,gotoassist.com
GoTo,gotomypc
GoTo,gotoopener
Hidden Desktop,hiddendesktop
Hidden VNC,hvnc
Iperius,iperius
IslOnline,islonline.net
IT Support 247,itsupport247.net
Kaseya,kaseya
Level,level-linux
Level,level-windows
Level,level.exe
Level,level.io
LiteManager,litemanager
LogicNow,logicnow
LogMeIn,logme.in
LogMeIn,logmein
LogMeIn,logmeinrescue
MeshAgent,meshagent
MeshAgent,meshcentral
MeshAgent,meshcommander
MeshAgent,meshinstall
mRemoteNG,mremoteng
MSP360,msp360
MSP360,mspbackups
N-Able,n-able
N-Able,rmm-host.com
N-Able,systemmonitor
Nano Systems,nanosystems.it
NchUser,nchuser.com
NetSupport,netsupport
NetSupport,netsupportsoftware.com
Ninja,ninjarmm
Nsight,advancedmonitoringagent
Optitune,opti-tune.com
Optitune,optitune
Panorama,panorama9
Parsec,parsec
PC Visit,pcvisit
PDQ,pdq
Playanex,playanex
PulseWay,pulseway
Quasar,quasar
Quick Assist,quickassist
Quick Assist,quickassist
Quick Assist,remoteassistance.support.services.microsoft.com
Real VNC,realvnc
Remote Admin,radmin
Remote Admin,radminte
Remote Management,remote.management
Remote PC,remotepc
Remote PC,remotepcdesktop
Remote PC,rpcdownloader
Remote Utilities,remoteutilities
Remote Utilities,remoteadmin.remoteutilities
Remotely,remotelyanywhere.com
RustDesk,rustdesk
ScreenConnect,screenconnect
ScreenConnect,screenmeet
Server-Eye,server-eye
ShowMyPC,showmypc
Simple-Help,rmshelp.me
Simple-Help,simple-help
Simple-Help,simplehelp
Simple-Help,simplehelper
SolarWinds,licenseserver.solarwinds.com
SolarWinds,solarwindsmsp.com
SplashTop,splashtop
Supremo,supremo
Supremo,supremoremotedesktop
SynchroMSP,servably.com
SynchroMSP,synchromsp
SynchroMSP,syncroapi.com
SynchroMSP,syncromsp.com
TacticalAgent,tacticalagent
TacticalAgent,tacticalrmm
TeamViewer,teamviewer
TightVNC,tightvnc
TightVNC,tvnserver
TightVNC,tvnviewer
UltraVNC,ultraviewer
UltraVNC,ultravnc
UltraVNC,vnc-viewer
UltraVNC,vncmanager
UltraVNC,vncviewer
VNC,services.vnc.com
XMReality,vnc-viewer
XMReality,xmreality
Zoho,zoho
Zoho,zohoassist
Zoho,zohomeeting
